"Longitude (x)","Latitude (y)","Station Name","Climate ID","Date/Time","Year","Month","Day","Data Quality","Max Temp (°C)","Max Temp Flag","Min Temp (°C)","Min Temp Flag","Mean Temp (°C)","Mean Temp Flag","Heat Deg Days (°C)","Heat Deg Days Flag","Cool Deg Days (°C)","Cool Deg Days Flag","Total Rain (mm)","Total Rain Flag","Total Snow (cm)","Total Snow Flag","Total Precip (mm)","Total Precip Flag","Snow on Grnd (cm)","Snow on Grnd Flag","Dir of Max Gust (10s deg)","Dir of Max Gust Flag","Spd of Max Gust (km/h)","Spd of Max Gust Flag"
"-123.75","48.37","VICTORIA MARINE","1018642","1985-01-01","1985","01","01","","1.4","","-3.9","","-1.3","","19.3","","0.0","","0.0","","0.0","","0.0","","18","","","","",""
"-123.75","48.37","VICTORIA MARINE","1018642","1985-01-02","1985","01","02","","4.9","","-1.1","","1.9","","16.1","","0.0","","0.0","","0.0","","0.0","","15","","","","",""
"-123.75","48.37","VICTORIA MARINE","1018642","1985-01-03","1985","01","03","","6.2","","-0.4","","2.9","","15.1","","0.0","","0.0","","0.0","","0.0","","11","","","","",""
"-123.75","48.37","VICTORIA MARINE","1018642","1985-01-04","1985","01","04","","5.5","","-1.3","","2.1","","15.9","","0.0","","0.0","","0.0","","0.0","","10","","","","",""
"-123.75","48.37","VICTORIA MARINE","1018642","1985-01-05","1985","01","05","","8.2","","1.2","","4.7","","13.3","","0.0","","1.0","","0.0","","1.0","","7","","","","",""
"-123.75","48.37","VICTORIA MARINE","1018642","1985-01-06","1985","01","06","","5.7","","2.0","","3.9","","14.1","","0.0","","0.0","T","0.0","","0.0","T","7","","","","",""
"-123.75","48.37","VICTORIA MARINE","1018642","1985-01-07","1985","01","07","","7.5","","0.2","","3.9","","14.1","","0.0","","0.0","","0.0","","0.0","","6","","","","",""
"-123.75","48.37","VICTORIA MARINE","1018642","1985-01-08","1985","01","08","","4.8","","-0.6","","2.1","","15.9","","0.0","","0.0","","0.0","","0.0","","5","","","","",""
"-123.75","48.37","VICTORIA MARINE","1018642","1985-01-09","1985","01","09","","4.1","","-1.3","","1.4","","16.6","","0.0","","0.0","","0.0","","0.0","","3","","","","",""
"-123.75","48.37","VICTORIA MARINE","1018642","1985-01-10","1985","01","10","","3.7","","0.6","","2.2","","15.8","","0.0","","0.0","","0.0","","0.0","","2","","","","",""
"-123.75","48.37","VICTORIA MARINE","1018642","1985-01-11","1985","01","11","","0.5","","-0.5","","0.0","","18.0","","0.0","","0.0","","0.0","","0.0","","2","","","","",""
"-123.75","48.37","VICTORIA MARINE","1018642","1985-01-12","1985","01","12","","8.0","","2.5","","5.3","","12.7","","0.0","","0.2","","0.0","","0.2","","1","","","","",""
"-123.75","48.37","VICTORIA MARINE","1018642","1985-01-13","1985","01","13","","7.6","","2.5","","5.1","","12.9","","0.0","","0.0","","0.0","","0.0","","1","","","","",""
"-123.75","48.37","VICTORIA MARINE","1018642","1985-01-14","1985","01","14","","8.0","","3.3","","5.7","","12.3","","0.0","","15.1","","0.0","","15.1","","0","T","","","",""
"-123.75","48.37","VICTORIA MARINE","1018642","1985-01-15","1985","01","15","","8.5","","2.3","","5.4","","12.6","","0.0","","0.0","T","0.0","","0.0","T","0","","","","",""
"-123.75","48.37","VICTORIA MARINE","1018642","1985-01-16","1985","01","16","","9.8","","2.0","","5.9","","12.1","","0.0","","0.0","","0.0","","0.0","","0","","","","",""
"-123.75","48.37","VICTORIA MARINE","1018642","1985-01-17","1985","01","17","","8.0","","1.8","","4.9","","13.1","","0.0","","3.5","","0.0","","3.5","","0","","","","",""
"-123.75","48.37","VICTORIA MARINE","1018642","1985-01-18","1985","01","18","","9.5","","6.0","","7.8","","10.2","","0.0","","0.0","","0.0","","0.0","","0","","","","",""
"-123.75","48.37","VICTORIA MARINE","1018642","1985-01-19","1985","01","19","","8.4","","6.0","","7.2","","10.8","","0.0","","2.4","","0.0","","2.4","","0","","","","",""
"-123.75","48.37","VICTORIA MARINE","1018642","1985-01-20","1985","01","20","","8.6","","2.5","","5.6","","12.4","","0.0","","0.0","","0.0","","0.0","","0","","","","",""
"-123.75","48.37","VICTORIA MARINE","1018642","1985-01-21","1985","01","21","","5.9","","1.1","","3.5","","14.5","","0.0","","0.0","","0.0","","0.0","","0","","","","",""
"-123.75","48.37","VICTORIA MARINE","1018642","1985-01-22","1985","01","22","","8.3","","0.5","","4.4","","13.6","","0.0","","0.0","","0.0","","0.0","","0","","","","",""
"-123.75","48.37","VICTORIA MARINE","1018642","1985-01-23","1985","01","23","","7.3","","-0.8","","3.3","","14.7","","0.0","","0.0","","0.0","","0.0","","0","","","","",""
"-123.75","48.37","VICTORIA MARINE","1018642","1985-01-24","1985","01","24","","6.4","","0.1","","3.3","","14.7","","0.0","","0.0","","0.0","","0.0","","0","","","","",""
"-123.75","48.37","VICTORIA MARINE","1018642","1985-01-25","1985","01","25","","7.2","","1.6","","4.4","","13.6","","0.0","","0.0","","0.0","","0.0","","0","","","","",""
"-123.75","48.37","VICTORIA MARINE","1018642","1985-01-26","1985","01","26","","6.3","","-0.8","","2.8","","15.2","","0.0","","0.0","","0.0","","0.0","","0","","","","",""
"-123.75","48.37","VICTORIA MARINE","1018642","1985-01-27","1985","01","27","","4.3","","1.9","","3.1","","14.9","","0.0","","1.1","","0.0","","1.1","","0","","","","",""
"-123.75","48.37","VICTORIA MARINE","1018642","1985-01-28","1985","01","28","","5.0","","-1.5","","1.8","","16.2","","0.0","","0.2","","0.0","","0.2","","0","","","","",""
"-123.75","48.37","VICTORIA MARINE","1018642","1985-01-29","1985","01","29","","7.2","","-0.3","","3.5","","14.5","","0.0","","0.0","","0.0","","0.0","","0","","","","",""
"-123.75","48.37","VICTORIA MARINE","1018642","1985-01-30","1985","01","30","","5.4","","-1.7","","1.9","","16.1","","0.0","","0.0","","0.0","","0.0","","0","","","","",""
"-123.75","48.37","VICTORIA MARINE","1018642","1985-01-31","1985","01","31","","6.2","","0.5","","3.4","","14.6","","0.0","","0.0","","0.0","","0.0","","0","","","","",""
"-123.75","48.37","VICTORIA MARINE","1018642","1985-02-01","1985","02","01","","3.0","","-0.3","","1.4","","16.6","","0.0","","3.8","","0.6","","4.4","","1","","","","",""
"-123.75","48.37","VICTORIA MARINE","1018642","1985-02-02","1985","02","02","","3.4","","-2.2","","0.6","","17.4","","0.0","","0.0","","0.0","","0.0","","1","","","","",""
"-123.75","48.37","VICTORIA MARINE","1018642","1985-02-03","1985","02","03","","2.5","","-3.2","","-0.4","","18.4","","0.0","","0.0","","0.0","","0.0","","1","","","","",""
"-123.75","48.37","VICTORIA MARINE","1018642","1985-02-04","1985","02","04","","2.5","","-5.1","","-1.3","","19.3","","0.0","","0.0","","2.1","","2.1","","1","","","","",""
"-123.75","48.37","VICTORIA MARINE","1018642","1985-02-05","1985","02","05","","4.5","","0.1","","2.3","","15.7","","0.0","","0.0","","1.3","","1.3","","4","","","","",""
"-123.75","48.37","VICTORIA MARINE","1018642","1985-02-06","1985","02","06","","5.5","","0.0","","2.8","","15.2","","0.0","","1.2","","1.0","","2.2","","1","","","","",""
"-123.75","48.37","VICTORIA MARINE","1018642","1985-02-07","1985","02","07","","5.1","","-0.2","","2.5","","15.5","","0.0","","1.0","","0.0","T","1.0","","0","T","","","",""
"-123.75","48.37","VICTORIA MARINE","1018642","1985-02-08","1985","02","08","","4.9","","-0.6","","2.2","","15.8","","0.0","","0.0","","0.0","","0.0","","0","T","","","",""
"-123.75","48.37","VICTORIA MARINE","1018642","1985-02-09","1985","02","09","","4.1","","-0.9","","1.6","","16.4","","0.0","","1.9","","2.0","","3.9","","0","","","","",""
"-123.75","48.37","VICTORIA MARINE","1018642","1985-02-10","1985","02","10","","5.9","","1.3","","3.6","","14.4","","0.0","","6.1","","0.0","","6.1","","0","","","","",""
"-123.75","48.37","VICTORIA MARINE","1018642","1985-02-11","1985","02","11","","8.1","","2.6","","5.4","","12.6","","0.0","","16.0","","0.0","","16.0","","0","","","","",""
"-123.75","48.37","VICTORIA MARINE","1018642","1985-02-12","1985","02","12","","9.2","","1.5","","5.4","","12.6","","0.0","","2.1","","0.0","","2.1","","0","","","","",""
"-123.75","48.37","VICTORIA MARINE","1018642","1985-02-13","1985","02","13","","7.8","","0.0","","3.9","","14.1","","0.0","","0.0","","0.0","","0.0","","0","","","","",""
"-123.75","48.37","VICTORIA MARINE","1018642","1985-02-14","1985","02","14","","10.8","","2.0","","6.4","","11.6","","0.0","","6.4","","0.0","","6.4","","0","","","","",""
"-123.75","48.37","VICTORIA MARINE","1018642","1985-02-15","1985","02","15","","7.3","","3.5","","5.4","","12.6","","0.0","","7.6","","0.0","","7.6","","0","","","","",""
"-123.75","48.37","VICTORIA MARINE","1018642","1985-02-16","1985","02","16","","7.7","","2.6","","5.2","","12.8","","0.0","","1.7","","0.0","","1.7","","0","","","","",""
"-123.75","48.37","VICTORIA MARINE","1018642","1985-02-17","1985","02","17","","7.3","","1.8","","4.6","","13.4","","0.0","","0.3","","0.0","","0.3","","0","","","","",""
"-123.75","48.37","VICTORIA MARINE","1018642","1985-02-18","1985","02","18","","8.8","","1.0","","4.9","","13.1","","0.0","","0.0","","0.0","","0.0","","0","","","","",""
"-123.75","48.37","VICTORIA MARINE","1018642","1985-02-19","1985","02","19","","7.8","","3.4","","5.6","","12.4","","0.0","","12.1","","0.0","","12.1","","0","","","","",""
"-123.75","48.37","VICTORIA MARINE","1018642","1985-02-20","1985","02","20","","7.1","","5.0","","6.1","","11.9","","0.0","","0.0","T","0.0","","0.0","T","0","","","","",""
"-123.75","48.37","VICTORIA MARINE","1018642","1985-02-21","1985","02","21","","8.5","","5.0","","6.8","","11.2","","0.0","","3.9","","0.0","","3.9","","0","","","","",""
"-123.75","48.37","VICTORIA MARINE","1018642","1985-02-22","1985","02","22","","9.2","","6.7","","8.0","","10.0","","0.0","","0.0","T","0.0","","0.0","T","0","","","","",""
"-123.75","48.37","VICTORIA MARINE","1018642","1985-02-23","1985","02","23","","10.1","","7.8","","9.0","","9.0","","0.0","","2.0","","0.0","","2.0","","0","","","","",""
"-123.75","48.37","VICTORIA MARINE","1018642","1985-02-24","1985","02","24","","8.4","","5.6","","7.0","","11.0","","0.0","","10.9","","0.0","","10.9","","0","","","","",""
"-123.75","48.37","VICTORIA MARINE","1018642","1985-02-25","1985","02","25","","9.4","","0.8","","5.1","","12.9","","0.0","","0.2","","0.0","","0.2","","0","","","","",""
"-123.75","48.37","VICTORIA MARINE","1018642","1985-02-26","1985","02","26","","8.6","","2.1","","5.4","","12.6","","0.0","","1.5","","0.0","","1.5","","0","","","","",""
"-123.75","48.37","VICTORIA MARINE","1018642","1985-02-27","1985","02","27","","9.0","","0.2","","4.6","","13.4","","0.0","","0.0","","0.0","","0.0","","0","","","","",""
"-123.75","48.37","VICTORIA MARINE","1018642","1985-02-28","1985","02","28","","10.5","","6.3","","8.4","","9.6","","0.0","","0.0","T","0.0","","0.0","T","0","","","","",""
"-123.75","48.37","VICTORIA MARINE","1018642","1985-03-01","1985","03","01","","10.0","","2.6","","6.3","","11.7","","0.0","","0.0","","0.0","","0.0","","0","","","","",""
"-123.75","48.37","VICTORIA MARINE","1018642","1985-03-02","1985","03","02","","8.6","","-1.5","","3.6","","14.4","","0.0","","0.0","","0.0","","0.0","","0","","","","",""
"-123.75","48.37","VICTORIA MARINE","1018642","1985-03-03","1985","03","03","","6.1","","-1.2","","2.5","","15.5","","0.0","","0.5","","0.0","","0.5","","0","","","","",""
"-123.75","48.37","VICTORIA MARINE","1018642","1985-03-04","1985","03","04","","7.7","","1.5","","4.6","","13.4","","0.0","","2.0","","0.0","","2.0","","0","","","","",""
"-123.75","48.37","VICTORIA MARINE","1018642","1985-03-05","1985","03","05","","8.0","","1.3","","4.7","","13.3","","0.0","","0.0","T","0.0","","0.0","T","0","","","","",""
"-123.75","48.37","VICTORIA MARINE","1018642","1985-03-06","1985","03","06","","9.4","","0.9","","5.2","","12.8","","0.0","","0.0","T","0.0","","0.0","T","0","","","","",""
"-123.75","48.37","VICTORIA MARINE","1018642","1985-03-07","1985","03","07","","8.8","","-0.6","","4.1","","13.9","","0.0","","0.0","","0.0","","0.0","","0","","","","",""
"-123.75","48.37","VICTORIA MARINE","1018642","1985-03-08","1985","03","08","","11.8","","-0.7","","5.6","","12.4","","0.0","","0.0","","0.0","","0.0","","0","","","","",""
"-123.75","48.37","VICTORIA MARINE","1018642","1985-03-09","1985","03","09","","10.2","","-0.4","","4.9","","13.1","","0.0","","0.0","","0.0","","0.0","","0","","","","",""
"-123.75","48.37","VICTORIA MARINE","1018642","1985-03-10","1985","03","10","","10.7","","-0.5","","5.1","","12.9","","0.0","","0.0","","0.0","","0.0","","0","","","","",""
"-123.75","48.37","VICTORIA MARINE","1018642","1985-03-11","1985","03","11","","8.5","","-1.1","","3.7","","14.3","","0.0","","0.0","","0.0","","0.0","","0","","","","",""
"-123.75","48.37","VICTORIA MARINE","1018642","1985-03-12","1985","03","12","","9.7","","1.0","","5.4","","12.6","","0.0","","0.0","","0.0","","0.0","","0","","","","",""
"-123.75","48.37","VICTORIA MARINE","1018642","1985-03-13","1985","03","13","","9.1","","-2.0","","3.6","","14.4","","0.0","","0.0","","0.0","","0.0","","0","","","","",""
"-123.75","48.37","VICTORIA MARINE","1018642","1985-03-14","1985","03","14","","10.3","","3.0","","6.7","","11.3","","0.0","","0.0","","0.0","","0.0","","0","","","","",""
"-123.75","48.37","VICTORIA MARINE","1018642","1985-03-15","1985","03","15","","11.7","","0.0","","5.9","","12.1","","0.0","","0.0","","0.0","","0.0","","0","","","","",""
"-123.75","48.37","VICTORIA MARINE","1018642","1985-03-16","1985","03","16","","10.6","","1.0","","5.8","","12.2","","0.0","","0.0","","0.0","","0.0","","0","","","","",""
"-123.75","48.37","VICTORIA MARINE","1018642","1985-03-17","1985","03","17","","8.9","","5.7","","7.3","","10.7","","0.0","","0.0","","0.0","","0.0","","0","","","","",""
"-123.75","48.37","VICTORIA MARINE","1018642","1985-03-18","1985","03","18","","8.6","","4.6","","6.6","","11.4","","0.0","","0.0","","0.0","","0.0","","0","","","","",""
"-123.75","48.37","VICTORIA MARINE","1018642","1985-03-19","1985","03","19","","9.4","","4.9","","7.2","","10.8","","0.0","","0.8","","0.0","","0.8","","0","","","","",""
"-123.75","48.37","VICTORIA MARINE","1018642","1985-03-20","1985","03","20","","10.6","","1.8","","6.2","","11.8","","0.0","","3.6","","0.0","","3.6","","0","","","","",""
"-123.75","48.37","VICTORIA MARINE","1018642","1985-03-21","1985","03","21","","8.1","","2.3","","5.2","","12.8","","0.0","","1.2","","0.0","","1.2","","0","","","","",""
"-123.75","48.37","VICTORIA MARINE","1018642","1985-03-22","1985","03","22","","8.3","","3.1","","5.7","","12.3","","0.0","","2.6","","0.0","","2.6","","0","","","","",""
"-123.75","48.37","VICTORIA MARINE","1018642","1985-03-23","1985","03","23","","10.5","","3.1","","6.8","","11.2","","0.0","","18.8","","0.0","","18.8","","0","","","","",""
"-123.75","48.37","VICTORIA MARINE","1018642","1985-03-24","1985","03","24","","7.7","","1.0","","4.4","","13.6","","0.0","","12.3","","0.0","","12.3","","0","","","","",""
"-123.75","48.37","VICTORIA MARINE","1018642","1985-03-25","1985","03","25","","8.5","","-0.7","","3.9","","14.1","","0.0","","1.0","","0.0","","1.0","","0","","","","",""
"-123.75","48.37","VICTORIA MARINE","1018642","1985-03-26","1985","03","26","","7.5","","1.4","","4.5","","13.5","","0.0","","0.0","","0.0","","0.0","","0","","","","",""
"-123.75","48.37","VICTORIA MARINE","1018642","1985-03-27","1985","03","27","","9.6","","3.4","","6.5","","11.5","","0.0","","0.3","","0.0","","0.3","","0","","","","",""
"-123.75","48.37","VICTORIA MARINE","1018642","1985-03-28","1985","03","28","","9.7","","3.7","","6.7","","11.3","","0.0","","0.0","","0.0","","0.0","","0","","","","",""
"-123.75","48.37","VICTORIA MARINE","1018642","1985-03-29","1985","03","29","","7.6","","3.6","","5.6","","12.4","","0.0","","3.0","","0.0","","3.0","","0","","","","",""
"-123.75","48.37","VICTORIA MARINE","1018642","1985-03-30","1985","03","30","","9.5","","3.4","","6.5","","11.5","","0.0","","20.0","","0.0","","20.0","","0","","","","",""
"-123.75","48.37","VICTORIA MARINE","1018642","1985-03-31","1985","03","31","","10.8","","5.3","","8.1","","9.9","","0.0","","3.8","","0.0","","3.8","","0","","","","",""
"-123.75","48.37","VICTORIA MARINE","1018642","1985-04-01","1985","04","01","","13.8","","5.6","","9.7","","8.3","","0.0","","0.0","T","0.0","","0.0","T","0","","","","",""
"-123.75","48.37","VICTORIA MARINE","1018642","1985-04-02","1985","04","02","","11.8","","5.7","","8.8","","9.2","","0.0","","1.6","","0.0","","1.6","","0","","","","",""
"-123.75","48.37","VICTORIA MARINE","1018642","1985-04-03","1985","04","03","","7.3","","4.6","","6.0","","12.0","","0.0","","7.5","","0.0","","7.5","","0","","","","",""
"-123.75","48.37","VICTORIA MARINE","1018642","1985-04-04","1985","04","04","","10.5","","5.8","","8.2","","9.8","","0.0","","1.7","","0.0","","1.7","","0","","","","",""
"-123.75","48.37","VICTORIA MARINE","1018642","1985-04-05","1985","04","05","","11.2","","4.8","","8.0","","10.0","","0.0","","0.0","T","0.0","","0.0","T","0","","","","",""
"-123.75","48.37","VICTORIA MARINE","1018642","1985-04-06","1985","04","06","","16.4","","1.7","","9.1","","8.9","","0.0","","0.0","","0.0","","0.0","","0","","","","",""
"-123.75","48.37","VICTORIA MARINE","1018642","1985-04-07","1985","04","07","","15.0","","5.2","","10.1","","7.9","","0.0","","0.0","","0.0","","0.0","","0","","","","",""
"-123.75","48.37","VICTORIA MARINE","1018642","1985-04-08","1985","04","08","","13.4","","4.2","","8.8","","9.2","","0.0","","0.0","","0.0","","0.0","","0","","","","",""
"-123.75","48.37","VICTORIA MARINE","1018642","1985-04-09","1985","04","09","","14.7","","4.6","","9.7","","8.3","","0.0","","0.0","","0.0","","0.0","","0","","","","",""
"-123.75","48.37","VICTORIA MARINE","1018642","1985-04-10","1985","04","10","","12.7","","6.1","","9.4","","8.6","","0.0","","0.0","","0.0","","0.0","","0","","","","",""
"-123.75","48.37","VICTORIA MARINE","1018642","1985-04-11","1985","04","11","","12.6","","6.5","","9.6","","8.4","","0.0","","2.0","","0.0","","2.0","","0","","","","",""
"-123.75","48.37","VICTORIA MARINE","1018642","1985-04-12","1985","04","12","","14.4","","6.7","","10.6","","7.4","","0.0","","0.0","","0.0","","0.0","","0","","","","",""
"-123.75","48.37","VICTORIA MARINE","1018642","1985-04-13","1985","04","13","","12.1","","5.6","","8.9","","9.1","","0.0","","0.8","","0.0","","0.8","","0","","","","",""
"-123.75","48.37","VICTORIA MARINE","1018642","1985-04-14","1985","04","14","","12.3","","6.6","","9.5","","8.5","","0.0","","0.5","","0.0","","0.5","","0","","","","",""
"-123.75","48.37","VICTORIA MARINE","1018642","1985-04-15","1985","04","15","","14.0","","4.6","","9.3","","8.7","","0.0","","0.0","","0.0","","0.0","","0","","","","",""
"-123.75","48.37","VICTORIA MARINE","1018642","1985-04-16","1985","04","16","","11.7","","6.9","","9.3","","8.7","","0.0","","0.0","","0.0","","0.0","","0","","","","",""
"-123.75","48.37","VICTORIA MARINE","1018642","1985-04-17","1985","04","17","","10.7","","4.9","","7.8","","10.2","","0.0","","2.2","","0.0","","2.2","","0","","","","",""
"-123.75","48.37","VICTORIA MARINE","1018642","1985-04-18","1985","04","18","","8.5","","3.0","","5.8","","12.2","","0.0","","1.7","","0.0","","1.7","","0","","","","",""
"-123.75","48.37","VICTORIA MARINE","1018642","1985-04-19","1985","04","19","","8.5","","1.8","","5.2","","12.8","","0.0","","3.5","","0.0","","3.5","","0","","","","",""
"-123.75","48.37","VICTORIA MARINE","1018642","1985-04-20","1985","04","20","","9.5","","-0.9","","4.3","","13.7","","0.0","","0.0","","0.0","","0.0","","0","","","","",""
"-123.75","48.37","VICTORIA MARINE","1018642","1985-04-21","1985","04","21","","10.9","","-0.9","","5.0","","13.0","","0.0","","0.0","T","0.0","","0.0","T","0","","","","",""
"-123.75","48.37","VICTORIA MARINE","1018642","1985-04-22","1985","04","22","","8.9","","4.2","","6.6","","11.4","","0.0","","11.3","","0.0","","11.3","","0","","","","",""
"-123.75","48.37","VICTORIA MARINE","1018642","1985-04-23","1985","04","23","","9.3","","3.8","","6.6","","11.4","","0.0","","14.1","","0.0","","14.1","","0","","","","",""
"-123.75","48.37","VICTORIA MARINE","1018642","1985-04-24","1985","04","24","","8.7","","4.0","","6.4","","11.6","","0.0","","1.5","","0.0","","1.5","","0","","","","",""
"-123.75","48.37","VICTORIA MARINE","1018642","1985-04-25","1985","04","25","","10.0","","2.6","","6.3","","11.7","","0.0","","0.7","","0.0","","0.7","","0","","","","",""
"-123.75","48.37","VICTORIA MARINE","1018642","1985-04-26","1985","04","26","","9.4","","3.9","","6.7","","11.3","","0.0","","18.9","","0.0","","18.9","","0","","","","",""
"-123.75","48.37","VICTORIA MARINE","1018642","1985-04-27","1985","04","27","","10.3","","4.7","","7.5","","10.5","","0.0","","18.1","","0.0","","18.1","","0","","","","",""
"-123.75","48.37","VICTORIA MARINE","1018642","1985-04-28","1985","04","28","","10.7","","0.7","","5.7","","12.3","","0.0","","2.4","","0.0","","2.4","","0","","","","",""
"-123.75","48.37","VICTORIA MARINE","1018642","1985-04-29","1985","04","29","","11.3","","0.4","","5.9","","12.1","","0.0","","0.0","","0.0","","0.0","","0","","","","",""
"-123.75","48.37","VICTORIA MARINE","1018642","1985-04-30","1985","04","30","","13.2","","2.5","","7.9","","10.1","","0.0","","0.0","","0.0","","0.0","","0","","","","",""
"-123.75","48.37","VICTORIA MARINE","1018642","1985-05-01","1985","05","01","","15.7","","4.0","","9.9","","8.1","","0.0","","0.0","","0.0","","0.0","","0","","","","",""
"-123.75","48.37","VICTORIA MARINE","1018642","1985-05-02","1985","05","02","","18.3","","6.4","","12.4","","5.6","","0.0","","1.2","","0.0","","1.2","","0","","","","",""
"-123.75","48.37","VICTORIA MARINE","1018642","1985-05-03","1985","05","03","","10.7","","6.4","","8.6","","9.4","","0.0","","2.0","","0.0","","2.0","","0","","","","",""
"-123.75","48.37","VICTORIA MARINE","1018642","1985-05-04","1985","05","04","","11.2","","5.2","","8.2","","9.8","","0.0","","6.4","","0.0","","6.4","","0","","","","",""
"-123.75","48.37","VICTORIA MARINE","1018642","1985-05-05","1985","05","05","","11.4","","3.2","","7.3","","10.7","","0.0","","0.2","","0.0","","0.2","","0","","","","",""
"-123.75","48.37","VICTORIA MARINE","1018642","1985-05-06","1985","05","06","","12.2","","4.6","","8.4","","9.6","","0.0","","0.8","","0.0","","0.8","","0","","","","",""
"-123.75","48.37","VICTORIA MARINE","1018642","1985-05-07","1985","05","07","","11.5","","1.6","","6.6","","11.4","","0.0","","0.0","","0.0","","0.0","","0","","","","",""
"-123.75","48.37","VICTORIA MARINE","1018642","1985-05-08","1985","05","08","","11.0","","4.4","","7.7","","10.3","","0.0","","2.9","","0.0","","2.9","","0","","","","",""
"-123.75","48.37","VICTORIA MARINE","1018642","1985-05-09","1985","05","09","","12.4","","2.7","","7.6","","10.4","","0.0","","0.0","","0.0","","0.0","","0","","","","",""
"-123.75","48.37","VICTORIA MARINE","1018642","1985-05-10","1985","05","10","","9.0","","6.7","","7.9","","10.1","","0.0","","6.2","","0.0","","6.2","","0","","","","",""
"-123.75","48.37","VICTORIA MARINE","1018642","1985-05-11","1985","05","11","","10.5","","2.7","","6.6","","11.4","","0.0","","0.0","","0.0","","0.0","","0","","","","",""
"-123.75","48.37","VICTORIA MARINE","1018642","1985-05-12","1985","05","12","","12.5","","1.2","","6.9","","11.1","","0.0","","0.2","","0.0","","0.2","","0","","","","",""
"-123.75","48.37","VICTORIA MARINE","1018642","1985-05-13","1985","05","13","","10.8","","1.7","","6.3","","11.7","","0.0","","3.8","","0.0","","3.8","","0","","","","",""
"-123.75","48.37","VICTORIA MARINE","1018642","1985-05-14","1985","05","14","","13.5","","5.2","","9.4","","8.6","","0.0","","0.2","","0.0","","0.2","","0","","","","",""
"-123.75","48.37","VICTORIA MARINE","1018642","1985-05-15","1985","05","15","","18.0","","3.6","","10.8","","7.2","","0.0","","0.0","","0.0","","0.0","","0","","","","",""
"-123.75","48.37","VICTORIA MARINE","1018642","1985-05-16","1985","05","16","","22.6","","7.3","","15.0","","3.0","","0.0","","0.0","","0.0","","0.0","","0","","","","",""
"-123.75","48.37","VICTORIA MARINE","1018642","1985-05-17","1985","05","17","","17.6","","9.4","","13.5","","4.5","","0.0","","0.0","","0.0","","0.0","","0","","","","",""
"-123.75","48.37","VICTORIA MARINE","1018642","1985-05-18","1985","05","18","","13.4","","9.5","","11.5","","6.5","","0.0","","0.0","","0.0","","0.0","","0","","","","",""
"-123.75","48.37","VICTORIA MARINE","1018642","1985-05-19","1985","05","19","","12.5","","9.0","","10.8","","7.2","","0.0","","0.0","","0.0","","0.0","","0","","","","",""
"-123.75","48.37","VICTORIA MARINE","1018642","1985-05-20","1985","05","20","","14.0","","8.5","","11.3","","6.7","","0.0","","0.0","","0.0","","0.0","","0","","","","",""
"-123.75","48.37","VICTORIA MARINE","1018642","1985-05-21","1985","05","21","","15.1","","4.4","","9.8","","8.2","","0.0","","0.0","","0.0","","0.0","","0","","","","",""
"-123.75","48.37","VICTORIA MARINE","1018642","1985-05-22","1985","05","22","","17.3","","8.6","","13.0","","5.0","","0.0","","0.0","T","0.0","","0.0","T","0","","","","",""
"-123.75","48.37","VICTORIA MARINE","1018642","1985-05-23","1985","05","23","","17.8","","8.2","","13.0","","5.0","","0.0","","0.0","","0.0","","0.0","","0","T","","","",""
"-123.75","48.37","VICTORIA MARINE","1018642","1985-05-24","1985","05","24","","17.2","","11.0","","14.1","","3.9","","0.0","","0.0","","0.0","","0.0","","0","","","","",""
"-123.75","48.37","VICTORIA MARINE","1018642","1985-05-25","1985","05","25","","15.4","","9.4","","12.4","","5.6","","0.0","","0.0","T","0.0","","0.0","T","0","","","","",""
"-123.75","48.37","VICTORIA MARINE","1018642","1985-05-26","1985","05","26","","15.6","","8.5","","12.1","","5.9","","0.0","","0.0","T","0.0","","0.0","T","0","","","","",""
"-123.75","48.37","VICTORIA MARINE","1018642","1985-05-27","1985","05","27","","15.3","","9.5","","12.4","","5.6","","0.0","","0.0","","0.0","","0.0","","0","","","","",""
"-123.75","48.37","VICTORIA MARINE","1018642","1985-05-28","1985","05","28","","14.6","","8.7","","11.7","","6.3","","0.0","","0.0","T","0.0","","0.0","T","0","","","","",""
"-123.75","48.37","VICTORIA MARINE","1018642","1985-05-29","1985","05","29","","11.2","","8.4","","9.8","","8.2","","0.0","","5.1","","0.0","","5.1","","0","","","","",""
"-123.75","48.37","VICTORIA MARINE","1018642","1985-05-30","1985","05","30","","14.5","","7.2","","10.9","","7.1","","0.0","","0.0","","0.0","","0.0","","0","","","","",""
"-123.75","48.37","VICTORIA MARINE","1018642","1985-05-31","1985","05","31","","17.8","","6.3","","12.1","","5.9","","0.0","","0.0","","0.0","","0.0","","0","","","","",""
"-123.75","48.37","VICTORIA MARINE","1018642","1985-06-01","1985","06","01","","14.0","","9.9","","12.0","","6.0","","0.0","","0.0","","0.0","","0.0","","0","","","","",""
"-123.75","48.37","VICTORIA MARINE","1018642","1985-06-02","1985","06","02","","15.2","","8.0","","11.6","","6.4","","0.0","","0.0","","0.0","","0.0","","0","","","","",""
"-123.75","48.37","VICTORIA MARINE","1018642","1985-06-03","1985","06","03","","16.4","","7.4","","11.9","","6.1","","0.0","","1.6","","0.0","","1.6","","0","","","","",""
"-123.75","48.37","VICTORIA MARINE","1018642","1985-06-04","1985","06","04","","16.5","","9.7","","13.1","","4.9","","0.0","","1.8","","0.0","","1.8","","0","","","","",""
"-123.75","48.37","VICTORIA MARINE","1018642","1985-06-05","1985","06","05","","16.3","","8.8","","12.6","","5.4","","0.0","","0.0","T","0.0","","0.0","T","0","","","","",""
"-123.75","48.37","VICTORIA MARINE","1018642","1985-06-06","1985","06","06","","14.9","","9.2","","12.1","","5.9","","0.0","","6.4","","0.0","","6.4","","0","","","","",""
"-123.75","48.37","VICTORIA MARINE","1018642","1985-06-07","1985","06","07","","13.5","","9.5","","11.5","","6.5","","0.0","","14.5","","0.0","","14.5","","0","","","","",""
"-123.75","48.37","VICTORIA MARINE","1018642","1985-06-08","1985","06","08","","15.6","","7.0","","11.3","","6.7","","0.0","","0.0","","0.0","","0.0","","0","","","","",""
"-123.75","48.37","VICTORIA MARINE","1018642","1985-06-09","1985","06","09","","16.5","","4.6","","10.6","","7.4","","0.0","","0.0","","0.0","","0.0","","0","","","","",""
"-123.75","48.37","VICTORIA MARINE","1018642","1985-06-10","1985","06","10","","18.0","","5.4","","11.7","","6.3","","0.0","","0.0","","0.0","","0.0","","0","","","","",""
"-123.75","48.37","VICTORIA MARINE","1018642","1985-06-11","1985","06","11","","17.4","","8.7","","13.1","","4.9","","0.0","","0.0","","0.0","","0.0","","0","","","","",""
"-123.75","48.37","VICTORIA MARINE","1018642","1985-06-12","1985","06","12","","16.7","","9.8","","13.3","","4.7","","0.0","","0.0","","0.0","","0.0","","0","","","","",""
"-123.75","48.37","VICTORIA MARINE","1018642","1985-06-13","1985","06","13","","15.0","","9.7","","12.4","","5.6","","0.0","","2.8","","0.0","","2.8","","0","","","","",""
"-123.75","48.37","VICTORIA MARINE","1018642","1985-06-14","1985","06","14","","17.3","","10.2","","13.8","","4.2","","0.0","","2.2","","0.0","","2.2","","0","","","","",""
"-123.75","48.37","VICTORIA MARINE","1018642","1985-06-15","1985","06","15","","16.5","","9.0","","12.8","","5.2","","0.0","","0.0","","0.0","","0.0","","0","","","","",""
"-123.75","48.37","VICTORIA MARINE","1018642","1985-06-16","1985","06","16","","19.3","","5.4","","12.4","","5.6","","0.0","","0.0","","0.0","","0.0","","0","","","","",""
"-123.75","48.37","VICTORIA MARINE","1018642","1985-06-17","1985","06","17","","21.3","","7.8","","14.6","","3.4","","0.0","","0.0","","0.0","","0.0","","0","","","","",""
"-123.75","48.37","VICTORIA MARINE","1018642","1985-06-18","1985","06","18","","27.4","","11.6","","19.5","","0.0","","1.5","","0.0","","0.0","","0.0","","0","","","","",""
"-123.75","48.37","VICTORIA MARINE","1018642","1985-06-19","1985","06","19","","20.2","","10.3","","15.3","","2.7","","0.0","","0.0","T","0.0","","0.0","T","0","","","","",""
"-123.75","48.37","VICTORIA MARINE","1018642","1985-06-20","1985","06","20","","20.2","","7.7","","14.0","","4.0","","0.0","","0.0","","0.0","","0.0","","0","","","","",""
"-123.75","48.37","VICTORIA MARINE","1018642","1985-06-21","1985","06","21","","14.9","","8.6","","11.8","","6.2","","0.0","","0.0","","0.0","","0.0","","0","","","","",""
"-123.75","48.37","VICTORIA MARINE","1018642","1985-06-22","1985","06","22","","13.6","","9.3","","11.5","","6.5","","0.0","","0.0","T","0.0","","0.0","T","0","","","","",""
"-123.75","48.37","VICTORIA MARINE","1018642","1985-06-23","1985","06","23","","13.6","","8.6","","11.1","","6.9","","0.0","","0.0","","0.0","","0.0","","0","","","","",""
"-123.75","48.37","VICTORIA MARINE","1018642","1985-06-24","1985","06","24","","16.6","","8.3","","12.5","","5.5","","0.0","","0.0","","0.0","","0.0","","0","","","","",""
"-123.75","48.37","VICTORIA MARINE","1018642","1985-06-25","1985","06","25","","16.4","","6.0","","11.2","","6.8","","0.0","","0.0","","0.0","","0.0","","0","","","","",""
"-123.75","48.37","VICTORIA MARINE","1018642","1985-06-26","1985","06","26","","14.1","","8.6","","11.4","","6.6","","0.0","","0.0","","0.0","","0.0","","0","","","","",""
"-123.75","48.37","VICTORIA MARINE","1018642","1985-06-27","1985","06","27","","15.3","","9.2","","12.3","","5.7","","0.0","","0.0","","0.0","","0.0","","0","","","","",""
"-123.75","48.37","VICTORIA MARINE","1018642","1985-06-28","1985","06","28","","15.6","","8.4","","12.0","","6.0","","0.0","","0.0","","0.0","","0.0","","0","","","","",""
"-123.75","48.37","VICTORIA MARINE","1018642","1985-06-29","1985","06","29","","18.3","","8.1","","13.2","","4.8","","0.0","","0.0","","0.0","","0.0","","0","","","","",""
"-123.75","48.37","VICTORIA MARINE","1018642","1985-06-30","1985","06","30","","16.8","","5.7","","11.3","","6.7","","0.0","","0.0","","0.0","","0.0","","0","","","","",""
"-123.75","48.37","VICTORIA MARINE","1018642","1985-07-01","1985","07","01","","20.9","","6.0","","13.5","","4.5","","0.0","","0.0","","0.0","","0.0","","0","","","","",""
"-123.75","48.37","VICTORIA MARINE","1018642","1985-07-02","1985","07","02","","23.7","","10.6","","17.2","","0.8","","0.0","","0.0","","0.0","","0.0","","0","","","","",""
"-123.75","48.37","VICTORIA MARINE","1018642","1985-07-03","1985","07","03","","16.1","","8.7","","12.4","","5.6","","0.0","","0.0","","0.0","","0.0","","0","","","","",""
"-123.75","48.37","VICTORIA MARINE","1018642","1985-07-04","1985","07","04","","23.0","","6.3","","14.7","","3.3","","0.0","","0.0","","0.0","","0.0","","0","","","","",""
"-123.75","48.37","VICTORIA MARINE","1018642","1985-07-05","1985","07","05","","20.6","","10.1","","15.4","","2.6","","0.0","","0.0","","0.0","","0.0","","0","","","","",""
"-123.75","48.37","VICTORIA MARINE","1018642","1985-07-06","1985","07","06","","19.3","","8.0","","13.7","","4.3","","0.0","","0.0","","0.0","","0.0","","0","","","","",""
"-123.75","48.37","VICTORIA MARINE","1018642","1985-07-07","1985","07","07","","21.4","","8.5","","15.0","","3.0","","0.0","","0.0","","0.0","","0.0","","0","","","","",""
"-123.75","48.37","VICTORIA MARINE","1018642","1985-07-08","1985","07","08","","17.7","","8.5","","13.1","","4.9","","0.0","","0.0","","0.0","","0.0","","0","","","","",""
"-123.75","48.37","VICTORIA MARINE","1018642","1985-07-09","1985","07","09","","24.2","","8.7","","16.5","","1.5","","0.0","","0.0","","0.0","","0.0","","0","","","","",""
"-123.75","48.37","VICTORIA MARINE","1018642","1985-07-10","1985","07","10","","22.1","","13.8","","18.0","","0.0","","0.0","","0.0","","0.0","","0.0","","0","","","","",""
"-123.75","48.37","VICTORIA MARINE","1018642","1985-07-11","1985","07","11","","20.4","","11.7","","16.1","","1.9","","0.0","","0.0","","0.0","","0.0","","0","","","","",""
"-123.75","48.37","VICTORIA MARINE","1018642","1985-07-12","1985","07","12","","18.4","","11.2","","14.8","","3.2","","0.0","","0.0","","0.0","","0.0","","0","","","","",""
"-123.75","48.37","VICTORIA MARINE","1018642","1985-07-13","1985","07","13","","16.5","","8.6","","12.6","","5.4","","0.0","","0.0","","0.0","","0.0","","0","","","","",""
"-123.75","48.37","VICTORIA MARINE","1018642","1985-07-14","1985","07","14","","19.5","","7.4","","13.5","","4.5","","0.0","","0.0","","0.0","","0.0","","0","","","","",""
"-123.75","48.37","VICTORIA MARINE","1018642","1985-07-15","1985","07","15","","21.7","","8.5","","15.1","","2.9","","0.0","","0.0","","0.0","","0.0","","0","","","","",""
"-123.75","48.37","VICTORIA MARINE","1018642","1985-07-16","1985","07","16","","20.5","","12.4","","16.5","","1.5","","0.0","","0.0","","0.0","","0.0","","0","","","","",""
"-123.75","48.37","VICTORIA MARINE","1018642","1985-07-17","1985","07","17","","17.5","","10.1","","13.8","","4.2","","0.0","","0.0","","0.0","","0.0","","0","","","","",""
"-123.75","48.37","VICTORIA MARINE","1018642","1985-07-18","1985","07","18","","20.3","","8.2","","14.3","","3.7","","0.0","","0.0","","0.0","","0.0","","0","","","","",""
"-123.75","48.37","VICTORIA MARINE","1018642","1985-07-19","1985","07","19","","26.3","","9.4","","17.9","","0.1","","0.0","","0.0","","0.0","","0.0","","0","","","","",""
"-123.75","48.37","VICTORIA MARINE","1018642","1985-07-20","1985","07","20","","18.3","","8.6","","13.5","","4.5","","0.0","","0.0","","0.0","","0.0","","0","","","","",""
"-123.75","48.37","VICTORIA MARINE","1018642","1985-07-21","1985","07","21","","21.7","","8.0","","14.9","","3.1","","0.0","","0.0","","0.0","","0.0","","0","","","","",""
"-123.75","48.37","VICTORIA MARINE","1018642","1985-07-22","1985","07","22","","18.6","","8.5","","13.6","","4.4","","0.0","","0.0","","0.0","","0.0","","0","","","","",""
"-123.75","48.37","VICTORIA MARINE","1018642","1985-07-23","1985","07","23","","16.6","","11.0","","13.8","","4.2","","0.0","","0.0","","0.0","","0.0","","0","","","","",""
"-123.75","48.37","VICTORIA MARINE","1018642","1985-07-24","1985","07","24","","17.1","","10.2","","13.7","","4.3","","0.0","","0.0","","0.0","","0.0","","0","","","","",""
"-123.75","48.37","VICTORIA MARINE","1018642","1985-07-25","1985","07","25","","16.1","","8.5","","12.3","","5.7","","0.0","","0.0","","0.0","","0.0","","0","","","","",""
"-123.75","48.37","VICTORIA MARINE","1018642","1985-07-26","1985","07","26","","23.3","","7.0","","15.2","","2.8","","0.0","","0.0","","0.0","","0.0","","0","","","","",""
"-123.75","48.37","VICTORIA MARINE","1018642","1985-07-27","1985","07","27","","20.8","","7.4","","14.1","","3.9","","0.0","","0.0","","0.0","","0.0","","0","","","","",""
"-123.75","48.37","VICTORIA MARINE","1018642","1985-07-28","1985","07","28","","26.3","","9.0","","17.7","","0.3","","0.0","","0.0","","0.0","","0.0","","0","","","","",""
"-123.75","48.37","VICTORIA MARINE","1018642","1985-07-29","1985","07","29","","21.8","","9.5","","15.7","","2.3","","0.0","","0.0","","0.0","","0.0","","0","","","","",""
"-123.75","48.37","VICTORIA MARINE","1018642","1985-07-30","1985","07","30","","20.2","","10.3","","15.3","","2.7","","0.0","","0.0","","0.0","","0.0","","0","","","","",""
"-123.75","48.37","VICTORIA MARINE","1018642","1985-07-31","1985","07","31","","16.4","","11.4","","13.9","","4.1","","0.0","","7.6","","0.0","","7.6","","0","","","","",""
"-123.75","48.37","VICTORIA MARINE","1018642","1985-08-01","1985","08","01","","19.4","","12.0","","15.7","","2.3","","0.0","","0.0","","0.0","","0.0","","0","","","","",""
"-123.75","48.37","VICTORIA MARINE","1018642","1985-08-02","1985","08","02","","20.7","","11.6","","16.2","","1.8","","0.0","","0.0","","0.0","","0.0","","0","","","","",""
"-123.75","48.37","VICTORIA MARINE","1018642","1985-08-03","1985","08","03","","21.3","","9.5","","15.4","","2.6","","0.0","","0.0","","0.0","","0.0","","0","","","","",""
"-123.75","48.37","VICTORIA MARINE","1018642","1985-08-04","1985","08","04","","17.5","","9.8","","13.7","","4.3","","0.0","","0.0","T","0.0","","0.0","T","0","","","","",""
"-123.75","48.37","VICTORIA MARINE","1018642","1985-08-05","1985","08","05","","21.0","","10.6","","15.8","","2.2","","0.0","","0.0","","0.0","","0.0","","0","","","","",""
"-123.75","48.37","VICTORIA MARINE","1018642","1985-08-06","1985","08","06","","18.6","","7.5","","13.1","","4.9","","0.0","","3.3","","0.0","","3.3","","0","","","","",""
"-123.75","48.37","VICTORIA MARINE","1018642","1985-08-07","1985","08","07","","18.0","","9.2","","13.6","","4.4","","0.0","","3.7","","0.0","","3.7","","0","","","","",""
"-123.75","48.37","VICTORIA MARINE","1018642","1985-08-08","1985","08","08","","17.1","","7.6","","12.4","","5.6","","0.0","","0.0","","0.0","","0.0","","0","","","","",""
"-123.75","48.37","VICTORIA MARINE","1018642","1985-08-09","1985","08","09","","18.0","","11.0","","14.5","","3.5","","0.0","","4.0","","0.0","","4.0","","0","","","","",""
"-123.75","48.37","VICTORIA MARINE","1018642","1985-08-10","1985","08","10","","20.3","","7.0","","13.7","","4.3","","0.0","","0.0","","0.0","","0.0","","0","","","","",""
"-123.75","48.37","VICTORIA MARINE","1018642","1985-08-11","1985","08","11","","17.6","","8.0","","12.8","","5.2","","0.0","","0.0","","0.0","","0.0","","0","","","","",""
"-123.75","48.37","VICTORIA MARINE","1018642","1985-08-12","1985","08","12","","20.5","","8.4","","14.5","","3.5","","0.0","","0.0","","0.0","","0.0","","0","","","","",""
"-123.75","48.37","VICTORIA MARINE","1018642","1985-08-13","1985","08","13","","24.3","","9.0","","16.7","","1.3","","0.0","","0.0","","0.0","","0.0","","0","","","","",""
"-123.75","48.37","VICTORIA MARINE","1018642","1985-08-14","1985","08","14","","23.4","","10.4","","16.9","","1.1","","0.0","","0.0","","0.0","","0.0","","0","","","","",""
"-123.75","48.37","VICTORIA MARINE","1018642","1985-08-15","1985","08","15","","20.9","","9.3","","15.1","","2.9","","0.0","","0.0","","0.0","","0.0","","0","","","","",""
"-123.75","48.37","VICTORIA MARINE","1018642","1985-08-16","1985","08","16","","25.1","","8.9","","17.0","","1.0","","0.0","","0.0","","0.0","","0.0","","0","","","","",""
"-123.75","48.37","VICTORIA MARINE","1018642","1985-08-17","1985","08","17","","23.3","","10.6","","17.0","","1.0","","0.0","","0.0","","0.0","","0.0","","0","","","","",""
"-123.75","48.37","VICTORIA MARINE","1018642","1985-08-18","1985","08","18","","19.1","","11.1","","15.1","","2.9","","0.0","","0.0","","0.0","","0.0","","0","","","","",""
"-123.75","48.37","VICTORIA MARINE","1018642","1985-08-19","1985","08","19","","16.8","","10.6","","13.7","","4.3","","0.0","","0.0","","0.0","","0.0","","0","","","","",""
"-123.75","48.37","VICTORIA MARINE","1018642","1985-08-20","1985","08","20","","16.9","","7.7","","12.3","","5.7","","0.0","","0.0","","0.0","","0.0","","0","","","","",""
"-123.75","48.37","VICTORIA MARINE","1018642","1985-08-21","1985","08","21","","17.6","","10.2","","13.9","","4.1","","0.0","","0.0","","0.0","","0.0","","0","","","","",""
"-123.75","48.37","VICTORIA MARINE","1018642","1985-08-22","1985","08","22","","20.3","","5.9","","13.1","","4.9","","0.0","","0.0","","0.0","","0.0","","0","","","","",""
"-123.75","48.37","VICTORIA MARINE","1018642","1985-08-23","1985","08","23","","22.7","","8.4","","15.6","","2.4","","0.0","","0.0","","0.0","","0.0","","0","","","","",""
"-123.75","48.37","VICTORIA MARINE","1018642","1985-08-24","1985","08","24","","21.8","","11.4","","16.6","","1.4","","0.0","","0.0","","0.0","","0.0","","0","","","","",""
"-123.75","48.37","VICTORIA MARINE","1018642","1985-08-25","1985","08","25","","19.3","","7.6","","13.5","","4.5","","0.0","","0.0","","0.0","","0.0","","0","","","","",""
"-123.75","48.37","VICTORIA MARINE","1018642","1985-08-26","1985","08","26","","18.2","","6.8","","12.5","","5.5","","0.0","","0.0","","0.0","","0.0","","0","","","","",""
"-123.75","48.37","VICTORIA MARINE","1018642","1985-08-27","1985","08","27","","15.8","","6.8","","11.3","","6.7","","0.0","","0.0","","0.0","","0.0","","0","","","","",""
"-123.75","48.37","VICTORIA MARINE","1018642","1985-08-28","1985","08","28","","16.5","","9.8","","13.2","","4.8","","0.0","","0.0","","0.0","","0.0","","0","","","","",""
"-123.75","48.37","VICTORIA MARINE","1018642","1985-08-29","1985","08","29","","16.6","","6.1","","11.4","","6.6","","0.0","","1.0","","0.0","","1.0","","0","","","","",""
"-123.75","48.37","VICTORIA MARINE","1018642","1985-08-30","1985","08","30","","16.5","","10.2","","13.4","","4.6","","0.0","","8.4","","0.0","","8.4","","0","","","","",""
"-123.75","48.37","VICTORIA MARINE","1018642","1985-08-31","1985","08","31","","17.5","","9.1","","13.3","","4.7","","0.0","","1.2","","0.0","","1.2","","0","","","","",""
"-123.75","48.37","VICTORIA MARINE","1018642","1985-09-01","1985","09","01","","18.5","","7.5","","13.0","","5.0","","0.0","","0.0","","0.0","","0.0","","0","","","","",""
"-123.75","48.37","VICTORIA MARINE","1018642","1985-09-02","1985","09","02","","19.9","","6.0","","13.0","","5.0","","0.0","","0.0","","0.0","","0.0","","0","","","","",""
"-123.75","48.37","VICTORIA MARINE","1018642","1985-09-03","1985","09","03","","16.1","","8.2","","12.2","","5.8","","0.0","","0.0","","0.0","","0.0","","0","","","","",""
"-123.75","48.37","VICTORIA MARINE","1018642","1985-09-04","1985","09","04","","15.2","","7.6","","11.4","","6.6","","0.0","","1.5","","0.0","","1.5","","0","","","","",""
"-123.75","48.37","VICTORIA MARINE","1018642","1985-09-05","1985","09","05","","16.4","","10.5","","13.5","","4.5","","0.0","","6.4","","0.0","","6.4","","0","","","","",""
"-123.75","48.37","VICTORIA MARINE","1018642","1985-09-06","1985","09","06","","15.8","","9.5","","12.7","","5.3","","0.0","","7.1","","0.0","","7.1","","0","","","","",""
"-123.75","48.37","VICTORIA MARINE","1018642","1985-09-07","1985","09","07","","12.7","","7.7","","10.2","","7.8","","0.0","","4.6","","0.0","","4.6","","0","","","","",""
"-123.75","48.37","VICTORIA MARINE","1018642","1985-09-08","1985","09","08","","17.5","","8.5","","13.0","","5.0","","0.0","","0.4","","0.0","","0.4","","0","","","","",""
"-123.75","48.37","VICTORIA MARINE","1018642","1985-09-09","1985","09","09","","17.0","","9.2","","13.1","","4.9","","0.0","","0.0","","0.0","","0.0","","0","","","","",""
"-123.75","48.37","VICTORIA MARINE","1018642","1985-09-10","1985","09","10","","21.9","","10.0","","16.0","","2.0","","0.0","","0.0","T","0.0","","0.0","T","0","","","","",""
"-123.75","48.37","VICTORIA MARINE","1018642","1985-09-11","1985","09","11","","15.8","","7.4","","11.6","","6.4","","0.0","","0.6","","0.0","","0.6","","0","","","","",""
"-123.75","48.37","VICTORIA MARINE","1018642","1985-09-12","1985","09","12","","17.6","","9.0","","13.3","","4.7","","0.0","","0.3","","0.0","","0.3","","0","","","","",""
"-123.75","48.37","VICTORIA MARINE","1018642","1985-09-13","1985","09","13","","15.7","","9.8","","12.8","","5.2","","0.0","","7.7","","0.0","","7.7","","0","","","","",""
"-123.75","48.37","VICTORIA MARINE","1018642","1985-09-14","1985","09","14","","15.2","","9.7","","12.5","","5.5","","0.0","","1.5","","0.0","","1.5","","0","","","","",""
"-123.75","48.37","VICTORIA MARINE","1018642","1985-09-15","1985","09","15","","15.6","","9.3","","12.5","","5.5","","0.0","","0.0","T","0.0","","0.0","T","0","","","","",""
"-123.75","48.37","VICTORIA MARINE","1018642","1985-09-16","1985","09","16","","13.5","","10.4","","12.0","","6.0","","0.0","","1.8","","0.0","","1.8","","0","","","","",""
"-123.75","48.37","VICTORIA MARINE","1018642","1985-09-17","1985","09","17","","14.8","","7.6","","11.2","","6.8","","0.0","","2.5","","0.0","","2.5","","0","","","","",""
"-123.75","48.37","VICTORIA MARINE","1018642","1985-09-18","1985","09","18","","16.0","","5.4","","10.7","","7.3","","0.0","","0.0","","0.0","","0.0","","0","","","","",""
"-123.75","48.37","VICTORIA MARINE","1018642","1985-09-19","1985","09","19","","16.2","","6.4","","11.3","","6.7","","0.0","","0.0","","0.0","","0.0","","0","","","","",""
"-123.75","48.37","VICTORIA MARINE","1018642","1985-09-20","1985","09","20","","14.7","","5.8","","10.3","","7.7","","0.0","","0.0","T","0.0","","0.0","T","0","","","","",""
"-123.75","48.37","VICTORIA MARINE","1018642","1985-09-21","1985","09","21","","16.3","","8.3","","12.3","","5.7","","0.0","","0.0","","0.0","","0.0","","0","","","","",""
"-123.75","48.37","VICTORIA MARINE","1018642","1985-09-22","1985","09","22","","14.7","","5.6","","10.2","","7.8","","0.0","","0.0","","0.0","","0.0","","0","","","","",""
"-123.75","48.37","VICTORIA MARINE","1018642","1985-09-23","1985","09","23","","16.7","","5.5","","11.1","","6.9","","0.0","","0.0","","0.0","","0.0","","0","","","","",""
"-123.75","48.37","VICTORIA MARINE","1018642","1985-09-24","1985","09","24","","17.0","","2.8","","9.9","","8.1","","0.0","","0.0","","0.0","","0.0","","0","","","","",""
"-123.75","48.37","VICTORIA MARINE","1018642","1985-09-25","1985","09","25","","19.6","","8.0","","13.8","","4.2","","0.0","","0.0","","0.0","","0.0","","0","","","","",""
"-123.75","48.37","VICTORIA MARINE","1018642","1985-09-26","1985","09","26","","19.6","","7.0","","13.3","","4.7","","0.0","","0.0","","0.0","","0.0","","0","","","","",""
"-123.75","48.37","VICTORIA MARINE","1018642","1985-09-27","1985","09","27","","21.5","","8.0","","14.8","","3.2","","0.0","","0.0","","0.0","","0.0","","0","","","","",""
"-123.75","48.37","VICTORIA MARINE","1018642","1985-09-28","1985","09","28","","20.5","","7.1","","13.8","","4.2","","0.0","","0.0","","0.0","","0.0","","0","","","","",""
"-123.75","48.37","VICTORIA MARINE","1018642","1985-09-29","1985","09","29","","17.0","","5.5","","11.3","","6.7","","0.0","","0.0","","0.0","","0.0","","0","","","","",""
"-123.75","48.37","VICTORIA MARINE","1018642","1985-09-30","1985","09","30","","15.5","","5.2","","10.4","","7.6","","0.0","","0.0","","0.0","","0.0","","0","","","","",""
"-123.75","48.37","VICTORIA MARINE","1018642","1985-10-01","1985","10","01","","14.4","","7.3","","10.9","","7.1","","0.0","","0.0","T","0.0","","0.0","T","0","","","","",""
"-123.75","48.37","VICTORIA MARINE","1018642","1985-10-02","1985","10","02","","15.5","","10.2","","12.9","","5.1","","0.0","","0.2","","0.0","","0.2","","0","","","","",""
"-123.75","48.37","VICTORIA MARINE","1018642","1985-10-03","1985","10","03","","15.0","","5.6","","10.3","","7.7","","0.0","","0.0","","0.0","","0.0","","0","","","","",""
"-123.75","48.37","VICTORIA MARINE","1018642","1985-10-04","1985","10","04","","15.0","","6.0","","10.5","","7.5","","0.0","","0.3","","0.0","","0.3","","0","","","","",""
"-123.75","48.37","VICTORIA MARINE","1018642","1985-10-05","1985","10","05","","15.0","","5.7","","10.4","","7.6","","0.0","","1.8","","0.0","","1.8","","0","","","","",""
"-123.75","48.37","VICTORIA MARINE","1018642","1985-10-06","1985","10","06","","15.9","","7.4","","11.7","","6.3","","0.0","","2.3","","0.0","","2.3","","0","","","","",""
"-123.75","48.37","VICTORIA MARINE","1018642","1985-10-07","1985","10","07","","14.0","","3.0","","8.5","","9.5","","0.0","","0.0","","0.0","","0.0","","0","","","","",""
"-123.75","48.37","VICTORIA MARINE","1018642","1985-10-08","1985","10","08","","13.4","","1.1","","7.3","","10.7","","0.0","","0.0","","0.0","","0.0","","0","","","","",""
"-123.75","48.37","VICTORIA MARINE","1018642","1985-10-09","1985","10","09","","12.6","","4.5","","8.6","","9.4","","0.0","","0.0","T","0.0","","0.0","T","0","","","","",""
"-123.75","48.37","VICTORIA MARINE","1018642","1985-10-10","1985","10","10","","11.3","","7.5","","9.4","","8.6","","0.0","","3.1","","0.0","","3.1","","0","","","","",""
"-123.75","48.37","VICTORIA MARINE","1018642","1985-10-11","1985","10","11","","12.2","","7.7","","10.0","","8.0","","0.0","","5.8","","0.0","","5.8","","0","","","","",""
"-123.75","48.37","VICTORIA MARINE","1018642","1985-10-12","1985","10","12","","12.8","","7.0","","9.9","","8.1","","0.0","","3.2","","0.0","","3.2","","0","","","","",""
"-123.75","48.37","VICTORIA MARINE","1018642","1985-10-13","1985","10","13","","13.1","","8.5","","10.8","","7.2","","0.0","","2.6","","0.0","","2.6","","0","","","","",""
"-123.75","48.37","VICTORIA MARINE","1018642","1985-10-14","1985","10","14","","13.7","","9.4","","11.6","","6.4","","0.0","","16.2","","0.0","","16.2","","0","","","","",""
"-123.75","48.37","VICTORIA MARINE","1018642","1985-10-15","1985","10","15","","15.0","","8.9","","12.0","","6.0","","0.0","","7.1","","0.0","","7.1","","0","","","","",""
"-123.75","48.37","VICTORIA MARINE","1018642","1985-10-16","1985","10","16","","13.1","","8.6","","10.9","","7.1","","0.0","","3.1","","0.0","","3.1","","0","","","","",""
"-123.75","48.37","VICTORIA MARINE","1018642","1985-10-17","1985","10","17","","11.4","","8.6","","10.0","","8.0","","0.0","","19.7","","0.0","","19.7","","0","","","","",""
"-123.75","48.37","VICTORIA MARINE","1018642","1985-10-18","1985","10","18","","12.6","","8.2","","10.4","","7.6","","0.0","","0.9","","0.0","","0.9","","0","","","","",""
"-123.75","48.37","VICTORIA MARINE","1018642","1985-10-19","1985","10","19","","12.3","","8.0","","10.2","","7.8","","0.0","","17.7","","0.0","","17.7","","0","","","","",""
"-123.75","48.37","VICTORIA MARINE","1018642","1985-10-20","1985","10","20","","14.0","","8.9","","11.5","","6.5","","0.0","","1.2","","0.0","","1.2","","0","","","","",""
"-123.75","48.37","VICTORIA MARINE","1018642","1985-10-21","1985","10","21","","12.6","","5.7","","9.2","","8.8","","0.0","","5.3","","0.0","","5.3","","0","","","","",""
"-123.75","48.37","VICTORIA MARINE","1018642","1985-10-22","1985","10","22","","11.0","","6.7","","8.9","","9.1","","0.0","","23.0","","0.0","","23.0","","0","","","","",""
"-123.75","48.37","VICTORIA MARINE","1018642","1985-10-23","1985","10","23","","10.0","","6.0","","8.0","","10.0","","0.0","","14.2","","0.0","","14.2","","0","","","","",""
"-123.75","48.37","VICTORIA MARINE","1018642","1985-10-24","1985","10","24","","10.6","","6.9","","8.8","","9.2","","0.0","","18.1","","0.0","","18.1","","0","","","","",""
"-123.75","48.37","VICTORIA MARINE","1018642","1985-10-25","1985","10","25","","10.5","","5.4","","8.0","","10.0","","0.0","","4.0","","0.0","","4.0","","0","","","","",""
"-123.75","48.37","VICTORIA MARINE","1018642","1985-10-26","1985","10","26","","10.8","","5.4","","8.1","","9.9","","0.0","","33.4","","0.0","","33.4","","0","","","","",""
"-123.75","48.37","VICTORIA MARINE","1018642","1985-10-27","1985","10","27","","9.8","","6.0","","7.9","","10.1","","0.0","","41.4","","0.0","","41.4","","0","","","","",""
"-123.75","48.37","VICTORIA MARINE","1018642","1985-10-28","1985","10","28","","9.3","","3.8","","6.6","","11.4","","0.0","","4.6","","0.0","","4.6","","0","","","","",""
"-123.75","48.37","VICTORIA MARINE","1018642","1985-10-29","1985","10","29","","9.5","","0.7","","5.1","","12.9","","0.0","","4.6","","0.0","","4.6","","0","","","","",""
"-123.75","48.37","VICTORIA MARINE","1018642","1985-10-30","1985","10","30","","9.4","","4.5","","7.0","","11.0","","0.0","","14.2","","0.0","","14.2","","0","","","","",""
"-123.75","48.37","VICTORIA MARINE","1018642","1985-10-31","1985","10","31","","9.3","","4.4","","6.9","","11.1","","0.0","","0.9","","0.0","","0.9","","0","","","","",""
"-123.75","48.37","VICTORIA MARINE","1018642","1985-11-01","1985","11","01","","12.3","","6.5","","9.4","","8.6","","0.0","","46.9","","0.0","","46.9","","0","","","","",""
"-123.75","48.37","VICTORIA MARINE","1018642","1985-11-02","1985","11","02","","11.5","","9.1","","10.3","","7.7","","0.0","","24.2","","0.0","","24.2","","0","","","","",""
"-123.75","48.37","VICTORIA MARINE","1018642","1985-11-03","1985","11","03","","12.0","","8.1","","10.1","","7.9","","0.0","","5.3","","0.0","","5.3","","0","","","","",""
"-123.75","48.37","VICTORIA MARINE","1018642","1985-11-04","1985","11","04","","8.9","","4.6","","6.8","","11.2","","0.0","","5.9","","0.0","","5.9","","0","","","","",""
"-123.75","48.37","VICTORIA MARINE","1018642","1985-11-05","1985","11","05","","10.2","","4.2","","7.2","","10.8","","0.0","","10.2","","0.0","","10.2","","0","","","","",""
"-123.75","48.37","VICTORIA MARINE","1018642","1985-11-06","1985","11","06","","9.7","","7.0","","8.4","","9.6","","0.0","","4.2","","0.0","","4.2","","0","","","","",""
"-123.75","48.37","VICTORIA MARINE","1018642","1985-11-07","1985","11","07","","9.7","","5.0","","7.4","","10.6","","0.0","","4.2","","0.0","","4.2","","0","","","","",""
"-123.75","48.37","VICTORIA MARINE","1018642","1985-11-08","1985","11","08","","8.2","","2.7","","5.5","","12.5","","0.0","","2.6","","0.0","","2.6","","0","","","","",""
"-123.75","48.37","VICTORIA MARINE","1018642","1985-11-09","1985","11","09","","7.2","","1.6","","4.4","","13.6","","0.0","","1.2","","0.0","","1.2","","0","","","","",""
"-123.75","48.37","VICTORIA MARINE","1018642","1985-11-10","1985","11","10","","5.5","","-2.9","","1.3","","16.7","","0.0","","0.0","","0.0","","0.0","","0","","","","",""
"-123.75","48.37","VICTORIA MARINE","1018642","1985-11-11","1985","11","11","","4.4","","-4.1","","0.2","","17.8","","0.0","","0.0","","0.0","","0.0","","0","","","","",""
"-123.75","48.37","VICTORIA MARINE","1018642","1985-11-12","1985","11","12","","6.4","","-3.1","","1.7","","16.3","","0.0","","0.0","","0.0","","0.0","","0","","","","",""
"-123.75","48.37","VICTORIA MARINE","1018642","1985-11-13","1985","11","13","","8.7","","-1.9","","3.4","","14.6","","0.0","","0.0","","0.0","","0.0","","0","","","","",""
"-123.75","48.37","VICTORIA MARINE","1018642","1985-11-14","1985","11","14","","7.7","","-0.9","","3.4","","14.6","","0.0","","0.5","","0.0","","0.5","","0","","","","",""
"-123.75","48.37","VICTORIA MARINE","1018642","1985-11-15","1985","11","15","","8.5","","3.0","","5.8","","12.2","","0.0","","9.9","","0.0","","9.9","","0","","","","",""
"-123.75","48.37","VICTORIA MARINE","1018642","1985-11-16","1985","11","16","","7.4","","2.0","","4.7","","13.3","","0.0","","9.7","","0.0","","9.7","","0","","","","",""
"-123.75","48.37","VICTORIA MARINE","1018642","1985-11-17","1985","11","17","","5.5","","-1.7","","1.9","","16.1","","0.0","","0.0","","0.0","","0.0","","0","","","","",""
"-123.75","48.37","VICTORIA MARINE","1018642","1985-11-18","1985","11","18","","3.5","","-2.8","","0.4","","17.6","","0.0","","0.0","","0.0","","0.0","","0","","","","",""
"-123.75","48.37","VICTORIA MARINE","1018642","1985-11-19","1985","11","19","","1.7","","-0.7","","0.5","","17.5","","0.0","","0.0","","2.5","","2.5","","0","T","","","",""
"-123.75","48.37","VICTORIA MARINE","1018642","1985-11-20","1985","11","20","","1.2","","-5.0","","-1.9","","19.9","","0.0","","0.0","","0.8","","0.8","","1","","","","",""
"-123.75","48.37","VICTORIA MARINE","1018642","1985-11-21","1985","11","21","","-1.8","","-5.8","","-3.8","","21.8","","0.0","","0.0","T","12.7","","12.7","","11","","","","",""
"-123.75","48.37","VICTORIA MARINE","1018642","1985-11-22","1985","11","22","","-3.4","","-10.8","","-7.1","","25.1","","0.0","","0.0","","0.0","","0.0","","10","","","","",""
"-123.75","48.37","VICTORIA MARINE","1018642","1985-11-23","1985","11","23","","-2.0","","-10.0","","-6.0","","24.0","","0.0","","0.0","","0.0","","0.0","","7","","","","",""
"-123.75","48.37","VICTORIA MARINE","1018642","1985-11-24","1985","11","24","","-0.1","","-7.2","","-3.7","","21.7","","0.0","","0.0","","0.0","","0.0","","7","","","","",""
"-123.75","48.37","VICTORIA MARINE","1018642","1985-11-25","1985","11","25","","1.3","","-7.7","","-3.2","","21.2","","0.0","","0.0","","5.5","","5.5","","6","","","","",""
"-123.75","48.37","VICTORIA MARINE","1018642","1985-11-26","1985","11","26","","1.4","","-7.1","","-2.9","","20.9","","0.0","","0.0","","23.1","","23.1","","10","","","","",""
"-123.75","48.37","VICTORIA MARINE","1018642","1985-11-27","1985","11","27","","-6.4","","-9.3","","-7.9","","25.9","","0.0","","0.0","","9.4","","9.4","","39","","","","",""
"-123.75","48.37","VICTORIA MARINE","1018642","1985-11-28","1985","11","28","","-3.2","","-7.6","","-5.4","","23.4","","0.0","","0.0","","0.0","T","0.0","T","22","","","","",""
"-123.75","48.37","VICTORIA MARINE","1018642","1985-11-29","1985","11","29","","-2.8","","-6.9","","-4.9","","22.9","","0.0","","0.0","","0.0","T","0.0","T","21","","","","",""
"-123.75","48.37","VICTORIA MARINE","1018642","1985-11-30","1985","11","30","","-1.3","","-5.0","","-3.2","","21.2","","0.0","","0.0","","0.0","T","0.0","T","19","","","","",""
"-123.75","48.37","VICTORIA MARINE","1018642","1985-12-01","1985","12","01","","-1.4","","-6.2","","-3.8","","21.8","","0.0","","0.0","","0.0","","0.0","","17","","","","",""
"-123.75","48.37","VICTORIA MARINE","1018642","1985-12-02","1985","12","02","","1.8","","-3.2","","-0.7","","18.7","","0.0","","0.0","","0.2","","0.2","","16","","","","",""
"-123.75","48.37","VICTORIA MARINE","1018642","1985-12-03","1985","12","03","","8.7","","0.0","","4.4","","13.6","","0.0","","1.1","","3.0","","4.1","","18","","","","",""
"-123.75","48.37","VICTORIA MARINE","1018642","1985-12-04","1985","12","04","","9.5","","5.3","","7.4","","10.6","","0.0","","1.2","","0.0","","1.2","","6","","","","",""
"-123.75","48.37","VICTORIA MARINE","1018642","1985-12-05","1985","12","05","","8.7","","3.8","","6.3","","11.7","","0.0","","0.9","","0.0","","0.9","","0","T","","","",""
"-123.75","48.37","VICTORIA MARINE","1018642","1985-12-06","1985","12","06","","8.7","","3.0","","5.9","","12.1","","0.0","","0.0","","0.0","","0.0","","0","T","","","",""
"-123.75","48.37","VICTORIA MARINE","1018642","1985-12-07","1985","12","07","","8.1","","4.5","","6.3","","11.7","","0.0","","4.3","","0.0","","4.3","","0","","","","",""
"-123.75","48.37","VICTORIA MARINE","1018642","1985-12-08","1985","12","08","","8.3","","0.7","","4.5","","13.5","","0.0","","0.0","","0.0","","0.0","","0","","","","",""
"-123.75","48.37","VICTORIA MARINE","1018642","1985-12-09","1985","12","09","","5.3","","-1.4","","2.0","","16.0","","0.0","","0.0","","0.0","","0.0","","0","","","","",""
"-123.75","48.37","VICTORIA MARINE","1018642","1985-12-10","1985","12","10","","6.4","","-1.6","","2.4","","15.6","","0.0","","0.0","","0.0","","0.0","","0","","","","",""
"-123.75","48.37","VICTORIA MARINE","1018642","1985-12-11","1985","12","11","","5.0","","-2.1","","1.5","","16.5","","0.0","","0.0","","0.0","","0.0","","0","","","","",""
"-123.75","48.37","VICTORIA MARINE","1018642","1985-12-12","1985","12","12","","4.6","","-2.5","","1.1","","16.9","","0.0","","0.0","","0.0","","0.0","","0","","","","",""
"-123.75","48.37","VICTORIA MARINE","1018642","1985-12-13","1985","12","13","","5.1","","-1.2","","2.0","","16.0","","0.0","","0.0","","0.0","","0.0","","0","","","","",""
"-123.75","48.37","VICTORIA MARINE","1018642","1985-12-14","1985","12","14","","6.4","","2.3","","4.4","","13.6","","0.0","","0.5","","0.0","","0.5","","0","","","","",""
"-123.75","48.37","VICTORIA MARINE","1018642","1985-12-15","1985","12","15","","7.0","","1.9","","4.5","","13.5","","0.0","","0.0","","0.0","","0.0","","0","","","","",""
"-123.75","48.37","VICTORIA MARINE","1018642","1985-12-16","1985","12","16","","8.5","","2.0","","5.3","","12.7","","0.0","","0.0","","0.0","","0.0","","0","","","","",""
"-123.75","48.37","VICTORIA MARINE","1018642","1985-12-17","1985","12","17","","7.8","","1.5","","4.7","","13.3","","0.0","","0.0","","0.0","","0.0","","0","","","","",""
"-123.75","48.37","VICTORIA MARINE","1018642","1985-12-18","1985","12","18","","7.4","","0.6","","4.0","","14.0","","0.0","","0.0","","0.0","","0.0","","0","","","","",""
"-123.75","48.37","VICTORIA MARINE","1018642","1985-12-19","1985","12","19","","8.7","","1.2","","5.0","","13.0","","0.0","","0.0","","0.0","","0.0","","0","","","","",""
"-123.75","48.37","VICTORIA MARINE","1018642","1985-12-20","1985","12","20","","4.2","","-0.2","","2.0","","16.0","","0.0","","0.0","","0.0","","0.0","","0","","","","",""
"-123.75","48.37","VICTORIA MARINE","1018642","1985-12-21","1985","12","21","","5.0","","-0.1","","2.5","","15.5","","0.0","","0.0","","0.0","","0.0","","0","","","","",""
"-123.75","48.37","VICTORIA MARINE","1018642","1985-12-22","1985","12","22","","7.5","","-0.6","","3.5","","14.5","","0.0","","0.0","T","0.0","","0.0","T","0","","","","",""
"-123.75","48.37","VICTORIA MARINE","1018642","1985-12-23","1985","12","23","","6.9","","-0.3","","3.3","","14.7","","0.0","","0.0","","0.0","","0.0","","0","","","","",""
"-123.75","48.37","VICTORIA MARINE","1018642","1985-12-24","1985","12","24","","7.8","","0.1","","4.0","","14.0","","0.0","","0.0","","0.0","","0.0","","0","","","","",""
"-123.75","48.37","VICTORIA MARINE","1018642","1985-12-25","1985","12","25","","8.8","","0.0","","4.4","","13.6","","0.0","","0.0","","0.0","","0.0","","0","","","","",""
"-123.75","48.37","VICTORIA MARINE","1018642","1985-12-26","1985","12","26","","7.2","","-0.1","","3.6","","14.4","","0.0","","0.0","","0.0","","0.0","","0","","","","",""
"-123.75","48.37","VICTORIA MARINE","1018642","1985-12-27","1985","12","27","","6.9","","-1.9","","2.5","","15.5","","0.0","","0.0","","0.0","","0.0","","0","","","","",""
"-123.75","48.37","VICTORIA MARINE","1018642","1985-12-28","1985","12","28","","5.2","","-0.9","","2.2","","15.8","","0.0","","0.0","","0.0","","0.0","","0","","","","",""
"-123.75","48.37","VICTORIA MARINE","1018642","1985-12-29","1985","12","29","","7.0","","1.1","","4.1","","13.9","","0.0","","0.0","T","0.0","","0.0","T","0","","","","",""
"-123.75","48.37","VICTORIA MARINE","1018642","1985-12-30","1985","12","30","","6.2","","-0.5","","2.9","","15.1","","0.0","","0.4","","0.0","","0.4","","0","","","","",""
"-123.75","48.37","VICTORIA MARINE","1018642","1985-12-31","1985","12","31","","4.4","","0.0","","2.2","","15.8","","0.0","","0.0","T","0.0","","0.0","T","0","","","","",""
